-----------------------------------------
-- Populate the database
-----------------------------------------

-- users
INSERT INTO users (username,email,password,picture,description,joined_date,is_deleted) VALUES ('Maggy','quis.pede@gmail.com','SUF90BEM6SM','pictures/QKE39KVM1LY.png','Love means never having to say you are sorry.','2018-08-08 07:27:21','false');
INSERT INTO users (username,email,password,picture,description,joined_date,is_deleted) VALUES ('Logan','justo@hotmail.com','QYX88TWK8MK','pictures/BLC65XKX3XG.png','They may take our lives, but they will never take our freedom!','2018-10-21 23:40:35','false');
INSERT INTO users (username,email,password,picture,description,joined_date,is_deleted) VALUES ('Stacey','et.netus.et@yahoo.com','YSC05CYD7FK','pictures/WLU69XRP9FA.png','They call me Mister Tibbs!','2019-04-02 01:08:37','false');
INSERT INTO users (username,email,password,picture,description,joined_date,is_deleted) VALUES ('Damon','nunc.sed.orci@amazon.com','AZS78CJW9EV','pictures/TQR34RUC6UJ.png','When you realize you want to spend the rest of your life with somebody, you want the rest of your life to start as soon as possible.','2018-04-22 03:05:52','false');
INSERT INTO users (username,email,password,picture,description,joined_date,is_deleted) VALUES ('Gil','phasellus.fermentum.convallis@gmail.com','EOR38FPN7TO','pictures/PCJ06CGN1UZ.png','If you let my daughter go now, that will be the end of it. I will not look for you, I will not pursue you. But if you do not, I will look for you, I will find you, and I will kill you.,','2018-05-11 06:45:50','false');
INSERT INTO users (username,email,password,picture,description,joined_date,is_deleted) VALUES ('Kadeem','semper.erat.in@hotmail.com','OUZ97CSU6YD','pictures/BNQ96REF1KJ.png','You complete me.','2018-08-28 00:15:52','false');
INSERT INTO users (username,email,password,picture,description,joined_date,is_deleted) VALUES ('Justina','elit@yahoo.com','RMS24NDH8CU','pictures/UCN19GGZ0LN.png','My name is Maximus Decimus Meridius, commander of the Armies of the North, General of the Felix Legions and loyal servant to the true emperor, Marcus Aurelius. Father to a murdered son, husband to a murdered wife. And I will have my vengeance, in this life or the next.','2018-12-10 21:58:42','false');
INSERT INTO users (username,email,password,picture,description,joined_date,is_deleted) VALUES ('Akeem','magna@amazon.com','SQA08UWO4OB','pictures/FCL13ZMV7IM.png','I drink your milkshake!','2019-01-29 16:53:50','false');
INSERT INTO users (username,email,password,picture,description,joined_date,is_deleted) VALUES ('Sybill','suscipit@gmail.com','YHA24URB5RY','pictures/EHC09KUZ8BS.png','Get your stinking paws off me, you damned dirty ape!','2018-11-21 17:47:21','false');
INSERT INTO users (username,email,password,picture,description,joined_date,is_deleted) VALUES ('Ivy','auctor@gmail.com','TKP71LUK3NO','pictures/LAM50CFN5EF.png','You make me want to be a better man.','2018-06-07 23:27:47','false');
INSERT INTO users (username,email,password,picture,description,joined_date,is_deleted) VALUES ('Ronan','lobortis.augue.scelerisque@hotmail.com','WIT17MHW3XX','pictures/QYR67GCB0JI.png','Bond. James Bond.','2018-08-02 18:49:07','false');
INSERT INTO users (username,email,password,picture,description,joined_date,is_deleted) VALUES ('Alana','fermentum.vel.mauris@yahoo.com','RDW60FUH3WK','pictures/UUT53ASR2VX.png','Chewie, we are home.','2018-10-21 23:31:27','false');
INSERT INTO users (username,email,password,picture,description,joined_date,is_deleted) VALUES ('Marshall','nulla.ante.iaculis@amazon.com','JEJ95OYP5UO','pictures/DCK16TWX7ES.png','Forget it, Jake. It is Chinatown.','2019-02-21 19:28:54','false');
INSERT INTO users (username,email,password,picture,description,joined_date,is_deleted) VALUES ('Cherokee','et.ultrices.posuere@yahoo.com','NRZ57EJQ7HW','pictures/NXN77IVR6IV.png','It was Beauty killed the Beast.','2018-04-20 23:21:17','false');
INSERT INTO users (username,email,password,picture,description,joined_date,is_deleted) VALUES ('Mechelle','ut@gmail.com','ATT68HSP7SH','pictures/EWR89NKG0IK.png','Why so serious?','2018-05-26 10:30:52','false');
INSERT INTO users (username,email,password,picture,description,joined_date,is_deleted) VALUES ('Hadassah','tellus.faucibus.leo@gmail.com','UIA27LHE7VF','pictures/RHJ86WCE7RW.png','I am just one stomach flu away from my goal weight.','2018-09-29 21:36:18','false');
INSERT INTO users (username,email,password,picture,description,joined_date,is_deleted) VALUES ('Josiah','est.mollis@amazon.com','AXN63OCS7TN','pictures/UVV64IAC2RD.png','I am your father.','2018-10-29 00:52:30','false');
INSERT INTO users (username,email,password,picture,description,joined_date,is_deleted) VALUES ('Vera','arcu.et.pede@yahoo.com','LZD23BGL6EM','pictures/QVM39PJD3XI.png','They call it a Royale with cheese.','2019-01-12 01:27:19','false');
INSERT INTO users (username,email,password,picture,description,joined_date,is_deleted) VALUES ('Charles','nam@amazon.com','DPG31RKQ6FN','pictures/XUV16WHT1MB.png','Magic Mirror on the wall, who is the fairest one of all?','2018-06-29 17:03:49','false');
INSERT INTO users (username,email,password,picture,description,joined_date,is_deleted) VALUES ('Thomas','erat@gmail.com','UHF78UBY0VS','pictures/KKK44SXE8RX.png','Just when I thought I was out, they pull me back in.','2019-02-27 11:33:35','false');
INSERT INTO users (username,email,password,picture,description,joined_date,is_deleted) VALUES ('Aurora','commodo.ipsum.suspendisse@hotmail.com','IGL76BEO8YF','pictures/ZCC50EMT4IG.png','I will be back.','2019-02-19 17:30:39','false');
INSERT INTO users (username,email,password,picture,description,joined_date,is_deleted) VALUES ('Arthur','elit.etiam.laoreet@amazon.com','RLG65MBF0CD','pictures/IME35EKC8PX.png','The first rule of Fight Club is: You do not talk about Fight Club.','2019-01-01 01:30:47','false');
INSERT INTO users (username,email,password,picture,description,joined_date,is_deleted) VALUES ('Myles','lobortis.ultrices@yahoo.com','YEK87SYV8ET','pictures/HZH02MWU4VF.png','Wax on, wax off.','2018-11-20 23:08:33','false');
INSERT INTO users (username,email,password,picture,description,joined_date,is_deleted) VALUES ('Wang','aliquam.vulputate@hotmail.com','LLI12AOR8EV','pictures/KUI70ZTC6MX.png','Gentlemen, you cannot fight in here! This is the war room!','2018-08-28 18:48:54','false');
INSERT INTO users (username,email,password,picture,description,joined_date,is_deleted) VALUES ('Dylan','lorem.semper@gmail.com','EOT13ZHI8MT','pictures/SXI71TOE1KK.png','I do not want to survive. I want to live.','2019-03-22 03:15:39','false');
INSERT INTO users (username,email,password,picture,description,joined_date,is_deleted) VALUES ('Lilah','aliquet.sem@hotmail.com','ZHZ60UDP4BE','pictures/XPH83LOX4WJ.png','You are gonna need a bigger boat.','2018-04-20 00:52:24','false');
INSERT INTO users (username,email,password,picture,description,joined_date,is_deleted) VALUES ('Sonya','velit.quisque.varius@amazon.com','SAA23RGU6EV','pictures/KQX63YBZ0UM.png','May the Force be with you.','2018-12-26 07:11:38','false');
INSERT INTO users (username,email,password,picture,description,joined_date,is_deleted) VALUES ('Valentine','lacus.quisque@yahoo.com','LSL26JJO7SS','pictures/OHC33SHX7XK.png','Toto, I have a feeling we are not in Kansas anymore.','2019-02-01 16:20:17','false');
INSERT INTO users (username,email,password,picture,description,joined_date,is_deleted) VALUES ('Charity','nec@hotmail.com','VCY24NJT4WY','pictures/AIU23YID0XG.png','I am going to make him an offer he cannot refuse.','2019-03-06 12:57:55','false');
INSERT INTO users (username,email,password,picture,description,joined_date,is_deleted) VALUES ('user','user@name.com','$2y$10$/6re1d8fAxQIF0m5iz4VAefMtaK3L04pJZsK5RkDyOG9gQSkOb4Oy','pictures/LLV96WOR3EV.png','You talkin to me?','2018-05-14 17:15:11','false');

--media
INSERT INTO media (media_id, title, category, release, picture) VALUES (1,'Gone With the Wind','film','1943-09-20 00:00:00','pictures/gone_with_the_wind.png');
INSERT INTO media (media_id, title, category, release, picture) VALUES (2,'Casablanca','film','1945-05-17 00:00:00','pictures/casablanca.png');
INSERT INTO media (media_id, title, category, release, picture) VALUES (3,'Jaws','film','1977-03-25 00:00:00','pictures/jaws.png');
INSERT INTO media (media_id, title, category, release, picture) VALUES (4,'Star Wars: A New Hope','film','1977-12-06 00:00:00','pictures/new_hope.png');
INSERT INTO media (media_id, title, category, release, picture) VALUES (5,'12 Years a Slave','film','2014-01-02 00:00:00','pictures/12_years_a_slave.png');
INSERT INTO media (media_id, title, category, release, picture) VALUES (6,'The Office','series','2005-03-24 00:00:00','pictures/the_office.png');
INSERT INTO media (media_id, title, category, release, picture) VALUES (7,'Friends','series','1994-09-22 00:00:00','pictures/friends.png');
INSERT INTO media (media_id, title, category, release, picture) VALUES (8,'Seinfeld','series','1989-07-05 00:00:00','pictures/seinfeld.png');
INSERT INTO media (media_id, title, category, release, picture) VALUES (9,'Avatar: The Last Airbender','animation','2005-02-21 00:00:00','pictures/avatar_the_last_airbender.png');
INSERT INTO media (media_id, title, category, release, picture) VALUES (10,'The Simpsons','animation','1989-12-17 00:00:00','pictures/the_simpsons.png');


--favourite
INSERT INTO favourite (user_id, media_id) VALUES (1,1);
INSERT INTO favourite (user_id, media_id) VALUES (1,2);
INSERT INTO favourite (user_id, media_id) VALUES (1,4);
INSERT INTO favourite (user_id, media_id) VALUES (3,7);
INSERT INTO favourite (user_id, media_id) VALUES (3,8);
INSERT INTO favourite (user_id, media_id) VALUES (6,9);
INSERT INTO favourite (user_id, media_id) VALUES (10,1);
INSERT INTO favourite (user_id, media_id) VALUES (10,2);
INSERT INTO favourite (user_id, media_id) VALUES (10,5);
INSERT INTO favourite (user_id, media_id) VALUES (10,6);
INSERT INTO favourite (user_id, media_id) VALUES (10,7);
INSERT INTO favourite (user_id, media_id) VALUES (10,10);
INSERT INTO favourite (user_id, media_id) VALUES (14,6);
INSERT INTO favourite (user_id, media_id) VALUES (14,7);
INSERT INTO favourite (user_id, media_id) VALUES (15,3);
INSERT INTO favourite (user_id, media_id) VALUES (15,4);
INSERT INTO favourite (user_id, media_id) VALUES (15,5);
INSERT INTO favourite (user_id, media_id) VALUES (15,7);
INSERT INTO favourite (user_id, media_id) VALUES (20,1);
INSERT INTO favourite (user_id, media_id) VALUES (22,1);
INSERT INTO favourite (user_id, media_id) VALUES (22,10);
INSERT INTO favourite (user_id, media_id) VALUES (24,2);
INSERT INTO favourite (user_id, media_id) VALUES (24,4);
INSERT INTO favourite (user_id, media_id) VALUES (24,6);
INSERT INTO favourite (user_id, media_id) VALUES (26,7);
INSERT INTO favourite (user_id, media_id) VALUES (26,8);
INSERT INTO favourite (user_id, media_id) VALUES (26,10);
INSERT INTO favourite (user_id, media_id) VALUES (28,3);
INSERT INTO favourite (user_id, media_id) VALUES (28,5);
INSERT INTO favourite (user_id, media_id) VALUES (28,10);


-- questions & answers & comments
INSERT INTO question (question_id, title, description, creation_date, score, category, author) VALUES (1, 'Was a deal made with Warner Bros so that Peter Porker can do the things he does?', 'In the movie Spider-Man: Into the Spider-Verse there is this spider-man character called Peter Porker, who is an alternate funny cartoon version of Spider-Man. He does things and says things closely to what the Looney Tunes cartoon character Porky Pig does and says.
Was a deal made with Warner Bros so that Peter Porker can do the things he does? If so, what kind of deal?', '2019-01-01 01:30:47', 130, 'animation', 24);
INSERT INTO question (question_id, title, description, creation_date, score, category, author) VALUES (2, 'Is Shazam''s look, Billy Batson''s future look?', 'I know this
is a very late kind of question but I am curious to know that why Shazam had to be an adult-like character in looks(face + body). Is Shazam''s look, Billy Batson''s future look? I mean would Billy grow up to become a person who looks like(now) Shazam?', '2019-04-05 01:30:47', 450, 'film', 13);
INSERT INTO question (question_id, title, description, creation_date, score, category, author) VALUES (3, 'What is the current canonical age of Sansa, Bran and Arya Stark?', 'As we know, the ages of the characters on Game of Thrones can be very different from both the corresponding age in the books and the present age of the actors portraying them. Moreover, we don''t really know exactly how much time has passed since the events of season 1. (This question shows that the speculated time is one year per season, but that''s not definitive.)
Now, ignoring Jon Snow''s parentage for the moment, there are three trueborn Stark children currently in Winterfell: Sansa, Arya and Bran. My question is, what is their current age according to the show''s canon as per the latest episode (S07E07).
(An approximation or an educated guess will do if the explicit age is not known. I remember Sansa telling Tyrion her age back when she was at King''s Landing, but I don''t remember the episode.) It would also be interesting to know how old Robb Stark was when he was declared King in the North.', '2019-04-05 01:30:47', 10, 'series', 5);

INSERT INTO answer (answer_id, description, creation_date, score, question_id, author) VALUES (1, 'But this is a visual trademark which means you can not replicate that sentence in that font on wearable merchandise.', '2019-05-04 08:30:00', 30, 1, 28);
INSERT INTO answer (answer_id, description, creation_date, score, question_id, author) VALUES (2, 'Shazam is a adult muscular man because of the magical powers he have, mostly from Herculese and Appolo
(from the powers he inherit when becoming Shazam), AFAIK we don''t know how Billy will looks like when he grown up, nor probably we''ll see it in DCEU', '2019-01-01 08:30:00', 5, 2, 30);
INSERT INTO answer (answer_id, description, creation_date, score, question_id, author) VALUES (3, 'Sansa was 14 when she was married to Tyrion. I think her age gets brought up a couple of times during the back half of season 3.', '2019-04-05 09:30:00', 5, 3, 3);

UPDATE question SET best = 1 WHERE question_id = 1;
UPDATE question SET best = 2 WHERE question_id = 2;
UPDATE question SET best = 3 WHERE question_id = 3;

INSERT INTO comment_question (cq_id, description, creation_date, question_id, author) VALUES (1, 'I wish i knew too', '2019-04-05 01:37:33', 3, 17);
INSERT INTO comment_question (cq_id, description, creation_date, question_id, author) VALUES (2, 'Why care about Sansa''s age?', '2019-04-05 03:37:33', 3, 8);

INSERT INTO comment_answer (ca_id, description, creation_date, answer_id, author) VALUES (1, 'Very Greek mythologie based', '2019-01-01 10:07:01', 2, 19);
INSERT INTO comment_answer (ca_id, description, creation_date, answer_id, author) VALUES (2, 'I agree', '2019-05-04 08:55:47', 1, 4);


--votes
INSERT INTO vote_q(user_id, question_id, value, date) VALUES (30, 1, 1, '2019-01-01 01:30:47');
INSERT INTO vote_q(user_id, question_id, value, date) VALUES (5, 1, 1,'2019-01-01 01:30:47');
INSERT INTO vote_q(user_id, question_id, value, date) VALUES (10, 1, 1, '2019-01-01 01:30:47');
INSERT INTO vote_q(user_id, question_id, value, date) VALUES (13, 1, -1, '2019-01-01 01:30:47');
INSERT INTO vote_q(user_id, question_id, value, date) VALUES (22, 1, 1, '2019-01-01 01:30:47');

INSERT INTO vote_q(user_id, question_id, value, date) VALUES (10, 2, 1, '2019-04-05 01:31:47');
INSERT INTO vote_q(user_id, question_id, value, date) VALUES (26, 2, 1, '2019-04-05 01:31:47');
INSERT INTO vote_q(user_id, question_id, value, date) VALUES (3, 2, -1, '2019-04-05 01:31:47');

INSERT INTO vote_q(user_id, question_id, value, date) VALUES (16, 3, 1, '2019-04-05 01:30:47');

INSERT INTO vote_a(user_id, answer_id, value, date) VALUES (23, 1, 1, '2019-05-04 08:33:00');


--follow question
INSERT INTO follow(user_id, question_id) VALUES (2, 3);
INSERT INTO follow(user_id, question_id) VALUES (16, 3);
INSERT INTO follow(user_id, question_id) VALUES (26, 3);
INSERT INTO follow(user_id, question_id) VALUES (27, 3);
INSERT INTO follow(user_id, question_id) VALUES (8, 3);
INSERT INTO follow(user_id, question_id) VALUES (30, 3);

INSERT INTO follow(user_id, question_id) VALUES (9, 2);
INSERT INTO follow(user_id, question_id) VALUES (23, 2);
INSERT INTO follow(user_id, question_id) VALUES (1, 2);
INSERT INTO follow(user_id, question_id) VALUES (24, 2);
INSERT INTO follow(user_id, question_id) VALUES (12, 2);

INSERT INTO follow(user_id, question_id) VALUES (7, 1);
INSERT INTO follow(user_id, question_id) VALUES (10, 1);
INSERT INTO follow(user_id, question_id) VALUES (15, 1);
INSERT INTO follow(user_id, question_id) VALUES (19, 1);
INSERT INTO follow(user_id, question_id) VALUES (3, 1);
INSERT INTO follow(user_id, question_id) VALUES (27, 1);


--tags
INSERT INTO tag(tag_id, name) VALUES (1, 'GoT');
INSERT INTO tag(tag_id, name) VALUES (2, 'Spider_man');
INSERT INTO tag(tag_id, name) VALUES (3, 'Shazam');
INSERT INTO tag(tag_id, name) VALUES (4, 'Drama');
INSERT INTO tag(tag_id, name) VALUES (5, 'Comedy');
INSERT INTO tag(tag_id, name) VALUES (6, 'Adventure');
INSERT INTO tag(tag_id, name) VALUES (7, 'DC');

INSERT INTO tag_question(tag_id, question_id) VALUES (1, 3);
INSERT INTO tag_question(tag_id, question_id) VALUES (4, 3);
INSERT INTO tag_question(tag_id, question_id) VALUES (2, 1);
INSERT INTO tag_question(tag_id, question_id) VALUES (3, 2);
INSERT INTO tag_question(tag_id, question_id) VALUES (7, 2);
INSERT INTO tag_question(tag_id, question_id) VALUES (5, 2);


--reports
INSERT INTO report(report_id, description, date, author, target) VALUES (1, 'user is spamming questions', '2019-04-05 01:31:47', 1, 30);
INSERT INTO report(report_id, description, date, author, target) VALUES (2, 'posting mature content', '2019-04-05 01:31:47', 15, 8);
INSERT INTO report(report_id, description, date, author, target) VALUES (3, 'wrong use of tags', '2019-04-05 01:31:47', 17, 22);
INSERT INTO report(report_id, description, date, author, target) VALUES (4, 'spoilers in title of question', '2019-04-05 01:31:47', 25, 7);
INSERT INTO report(report_id, description, date, author, target) VALUES (5, 'spoiler', '2019-04-05 01:31:47', 29, 11);


--messages
INSERT INTO message(message_id, title, content, date, author) VALUES (1, 'Welcome to LCQ!', 'Hi buddy, I just saw that you registered and couldn''t believe it!
Hope you enjoy this website, it''s very neat! Any questions you have don''t hesitate and send me a message! See you around.', '2019-04-05 01:31:47', 1);
INSERT INTO message(message_id, title, content, date, author) VALUES (2, 'Was not expecting this', 'Thanks so much for the welcoming message, wasn''t expecting this at all!
I''ll try to find my way around the website, otherwise I''ll hit you up for sure!', '2019-04-05 02:41:47', 10);
INSERT INTO message(message_id, title, content, date, author) VALUES (3, 'Avengers Fans Meeting', 'Good afternoon, I''m sending this email to remind you all that the VII Annual Avengers Fans Meeting will take place next Saturday, around 4pm.
As agreed, we should all wear cosplay so that we embody the true spirit of Avengers. Best regards.', '2019-04-15 18:11:47', 5);

INSERT INTO message_target(user_id, message_id) VALUES (10,1);
INSERT INTO message_target(user_id, message_id) VALUES (1,2);
INSERT INTO message_target(user_id, message_id) VALUES (5,3);
INSERT INTO message_target(user_id, message_id) VALUES (7,3);
INSERT INTO message_target(user_id, message_id) VALUES (9,3);
INSERT INTO message_target(user_id, message_id) VALUES (13,3);
INSERT INTO message_target(user_id, message_id) VALUES (17,3);
INSERT INTO message_target(user_id, message_id) VALUES (22,3);
INSERT INTO message_target(user_id, message_id) VALUES (27,3);

-----------------------------------------
-- end
-----------------------------------------